URL,Version,Status,OIDs,Name,Title,Description,Uses,Used,Sources
http://fhir.et/core/ValueSet/EthiopiaStateVS,0.9.0,active,,EthiopiaStateVS,Ethiopia State / Region ValueSet,"Allowed list of Ethiopian states and city administrations.","StructureDefinition/HIVPatient,StructureDefinition/ETPatient","Internal"
http://fhir.et/core/ValueSet/chlamydia-trachomatis-test-type-vs,0.9.0,active,,ChlamydiaTrachomatisTestTypeVS,Chlamydia trachomatis Test Type Value Set,"Allowed values for Chlamydia trachomatis test types","StructureDefinition/chlamydia-trachomatis-test-type-observation","Internal"
http://fhir.et/core/ValueSet/community-entry-point-vs,0.9.0,active,,CommunityEntryPointValueSet,community Entry Point ValueSet,"ValueSet for community entry points","StructureDefinition/community-entry-point","Internal"
http://fhir.et/core/ValueSet/counselling-provided-vs,0.9.0,active,,CounsellingProvidedVS,Counselling Provided ValueSet,"","StructureDefinition/counselling-provided","Internal"
http://fhir.et/core/ValueSet/education-status-vs,0.9.0,active,,EducationStatusVS,Ethiopia Education Status ValueSet,"ValueSet containing all education status codes used in Ethiopia","StructureDefinition/HIVPatient,StructureDefinition/ETPatient","Internal"
http://fhir.et/core/ValueSet/exposure-source-vs,0.9.0,active,,ExposureSourceVS,Source of Exposure ValueSet,"","StructureDefinition/exposure-source-observation","Internal"
http://fhir.et/core/ValueSet/facility-entry-point-vs,0.9.0,active,,FacilityEntryPointVS,Facility Entry Point ValueSet,"ValueSet for facility entry points","StructureDefinition/facility-entry-point","Internal"
http://fhir.et/core/ValueSet/follow-up-type-vs,0.9.0,active,,FollowUpTypeVS,Follow-Up Types,"","StructureDefinition/follow-up-type-observation","Internal"
http://fhir.et/core/ValueSet/gender-vs,0.9.0,active,,ETGenderVS,Ethiopian Patient Gender values,"Patient Gender....","StructureDefinition/HIVPatient,StructureDefinition/ETPatient","hl7.fhir.r4.core"
http://fhir.et/core/ValueSet/gonorrhoea-specimen-type-vs,0.9.0,active,,GonorrhoeaSpecimenTypeVS,Gonorrhoea Specimen Type,"","StructureDefinition/gonorrhoea-testing-observation","Internal"
http://fhir.et/core/ValueSet/gonorrhoea-test-result-vs,0.9.0,active,,GonorrhoeaTestResultVS,Gonorrhoea Test Result,"","StructureDefinition/gonorrhoea-testing-observation","Internal"
http://fhir.et/core/ValueSet/hiv-adherence-vs,0.9.0,active,,AdherenceVS,ART Adherence Value Set,"Value set for documenting ART adherence","StructureDefinition/hiv-adherence","Internal"
http://fhir.et/core/ValueSet/hiv-assay-number-vs,0.9.0,active,,HIVAssayNumberVS,HIV Assay Number ValueSet,"Permitted assay numbers in HIV testing strategy","StructureDefinition/hiv-assay-number-observation","Internal"
http://fhir.et/core/ValueSet/hiv-assay-result-vs,0.9.0,active,,HIVAssayResultVS,HIV Assay Result ValueSet,"Allowed HIV assay results",,"Internal"
http://fhir.et/core/ValueSet/hiv-condition-vs,0.9.0,active,,HIVConditionVS,HIV Condition Value Set,"Value set representing HIV-related conditions and statuses","StructureDefinition/hiv-condition","Internal"
http://fhir.et/core/ValueSet/hiv-exposure-ways-vs,0.9.0,active,,HIVExposureWaysVS,Ways of HIV Exposure,"Ways in which the client was exposed to HIV","StructureDefinition/hiv-exposure-observation","Internal"
http://fhir.et/core/ValueSet/hiv-prevention-services-vs,0.9.0,active,,HIVPreventionServicesVS,HIV Prevention Services and Referrals ValueSet,"","StructureDefinition/hiv-prevention-services","Internal"
http://fhir.et/core/ValueSet/hiv-self-test-result-vs,0.9.0,active,,HIVSelfTestResultVS,HIV Self-test Result ValueSet,"","StructureDefinition/hiv-self-test-result","Internal"
http://fhir.et/core/ValueSet/hiv-serotype-vs,0.9.0,active,,HIVSerotypeVS,HIV Serotype ValueSet,"HIV serotype classification","StructureDefinition/hiv-serotype-observation","Internal"
http://fhir.et/core/ValueSet/hiv-status-vs,0.9.0,active,,HIVStatusVS,,"","StructureDefinition/hiv-status,StructureDefinition/partner-hiv-status","Internal"
http://fhir.et/core/ValueSet/hiv-test-result-vs,0.9.0,active,,HIVTestResultVS,,"","StructureDefinition/partner-hiv-test-result,StructureDefinition/hiv-test-result-observation","Internal"
http://fhir.et/core/ValueSet/hiv-test-type-vs,0.9.0,active,,HIVTestTypeVS,HIV Test Type ValueSet,"Permitted HIV test types","StructureDefinition/hiv-test-type-observation","Internal"
http://fhir.et/core/ValueSet/hiv-testing-entry-point-vs,0.9.0,active,,HIVTestingEntryPointVS,HIV Testing Entry Point ValueSet,"ValueSet of HIV Testing Service entry points","StructureDefinition/hiv-testing-encounter","Internal"
http://fhir.et/core/ValueSet/hiv-testing-reason-vs,0.9.0,active,,HIVTestingReasonVS,HIV Testing Reason ValueSet,"Reasons for HIV testing","StructureDefinition/hiv-testing-encounter","Internal"
http://fhir.et/core/ValueSet/hiv-transmission-route-vs,0.9.0,active,,HIVTransmissionRouteVS,,"","StructureDefinition/hiv-transmission-route","Internal"
http://fhir.et/core/ValueSet/hsv-test-type-vs,0.9.0,active,,HSVTestTypeVS,Herpes Simplex Virus Test Type Value Set,"Allowed values for Herpes simplex virus (HSV) test types","StructureDefinition/hsv-test-type-observation","Internal"
http://fhir.et/core/ValueSet/hts-service-vs,0.9.0,active,,HTSServiceVS,HTS Service Types ValueSet,"Value set for HTS service delivery types.","StructureDefinition/hiv-hts-request","Internal"
http://fhir.et/core/ValueSet/ipv-enquiry-result-vs,0.9.0,active,,IPVEnquiryResultVS,IPV Enquiry Result ValueSet,"","StructureDefinition/ipv-enquiry-result","Internal"
http://fhir.et/core/ValueSet/key-population-type-vs,0.9.0,active,,KeyPopulationTypeVS,Key Population Type ValueSet,"","StructureDefinition/key-population-type","Internal"
http://fhir.et/core/ValueSet/marital-status-vs,0.9.0,active,,ETMaritalStatusVS,Ethiopian Patient Marital Status values,"Patient Marital Status....","StructureDefinition/HIVPatient,StructureDefinition/ETPatient","THO (V3)"
http://fhir.et/core/ValueSet/mycoplasma-genitalium-test-type-vs,0.9.0,active,,MycoplasmaGenitaliumTestTypeVS,Mycoplasma genitalium Test Type Value Set,"Allowed values for Mycoplasma genitalium test types","StructureDefinition/mycoplasma-genitalium-test-type-observation","Internal"
http://fhir.et/core/ValueSet/neisseria-gonorrhoeae-test-type-vs,0.9.0,active,,NeisseriaGonorrhoeaeTestTypeVS,Neisseria gonorrhoeae Test Type Value Set,"Allowed values for Neisseria gonorrhoeae test types","StructureDefinition/neisseria-gonorrhoeae-test-type-observation","Internal"
http://fhir.et/core/ValueSet/occupation-vs,0.9.0,active,,OccupationVS,Ethiopia Occupation ValueSet,"ValueSet containing all occupation codes used in Ethiopia","StructureDefinition/HIVPatient,StructureDefinition/ETPatient","Internal"
http://fhir.et/core/ValueSet/other-clinical-services-vs,0.9.0,active,,OtherClinicalServicesVS,Other Clinical Services Offered ValueSet,"","StructureDefinition/other-clinical-services","Internal"
http://fhir.et/core/ValueSet/other-support-services-vs,0.9.0,active,,OtherSupportServicesVS,Other Support Services ValueSet,"","StructureDefinition/other-support-services","Internal"
http://fhir.et/core/ValueSet/partner-contact-type-vs,0.9.0,active,,PartnerContactTypeVS,Partner Contact Type ValueSet,"","StructureDefinition/hiv-partner-contact","Internal"
http://fhir.et/core/ValueSet/partner-risk-category-vs,0.9.0,active,,PartnerRiskCategoryVS,Partner High Risk Category ValueSet,"","StructureDefinition/partner-risk-category","Internal"
http://fhir.et/core/ValueSet/partner-services-referral-vs,0.9.0,active,,PartnerServicesReferralVS,Partner Services Referral ValueSet,"","StructureDefinition/partner-services-referral","Internal"
http://fhir.et/core/ValueSet/preferred-contact-method-vs,0.9.0,active,,PreferredContactMethodVS,Preferred Contact Method Value Set,"","StructureDefinition/preferred-contact-method","Internal"
http://fhir.et/core/ValueSet/prep-dosing-type-vs,0.9.0,active,,PrEPDosingTypeVS,PrEP Dosing Type ValueSet,"","StructureDefinition/prep-dosing-type","Internal"
http://fhir.et/core/ValueSet/prep-visit-interval-vs,0.9.0,active,,PrepVisitIntervalVS,PrEP Visit Interval ValueSet,"","StructureDefinition/prep-visit-observation","Internal"
http://fhir.et/core/ValueSet/prep-visit-reason-vs,0.9.0,active,,PrepVisitReasonVS,PrEP Visit Reason ValueSet,"","StructureDefinition/prep-encounter,StructureDefinition/prep-visit-reason","Internal"
http://fhir.et/core/ValueSet/srh-integrated-services-vs,0.9.0,active,,SRHIntegratedServicesVS,Sexual and Reproductive Health Integrated Services ValueSet,"","StructureDefinition/srh-integrated-services","Internal"
http://fhir.et/core/ValueSet/sti-result-vs,0.9.0,active,,STIResultVS,STI Test Result ValueSet,"Value set for STI test results","StructureDefinition/sti-result-observation,StructureDefinition/confirmatory-sti-test-result-observation","Internal"
http://fhir.et/core/ValueSet/sti-syndrome-vs,0.9.0,active,,STISyndromeVS,Syndrome/STI Diagnosed ValueSet,"","StructureDefinition/sti-syndrome-observation","Internal"
http://fhir.et/core/ValueSet/sti-test-type-vs,0.9.0,active,,STITestTypeVS,STI Tested For,"","StructureDefinition/sti-testing-observation","Internal"
http://fhir.et/core/ValueSet/syphilis-confirmatory-test-type-vs,0.9.0,active,,SyphilisConfirmatoryTestTypeVS,Confirmatory Syphilis Test Type ValueSet,"Value set for confirmatory syphilis test types","StructureDefinition/confirmatory-syphilis-test-observation","Internal"
http://fhir.et/core/ValueSet/syphilis-test-result-vs,0.9.0,active,,SyphilisTestResultVS,Syphilis Test Result,"","StructureDefinition/syphilis-testing-treatment-observation","Internal"
http://fhir.et/core/ValueSet/syphilis-test-type-vs,0.9.0,active,,SyphilisTestTypeVS,Syphilis Test Type Value Set,"Allowed syphilis test type values","StructureDefinition/syphilis-test-type-observation","Internal"
http://fhir.et/core/ValueSet/trichomonas-vaginalis-test-type-vs,0.9.0,active,,TrichomonasVaginalisTestTypeVS,Trichomonas vaginalis Test Type Value Set,"Allowed values for Trichomonas vaginalis test types","StructureDefinition/trichomonas-vaginalis-test-type-observation","Internal"
http://fhir.et/core/ValueSet/vmmc-adverse-event-severity-vs,0.9.0,active,,VMMCAdverseEventSeverityVS,VMMC Adverse Event Severity,"","StructureDefinition/vmmc-adverse-event-observation","Internal"
http://fhir.et/core/ValueSet/vmmc-adverse-event-timing-vs,0.9.0,active,,VMMCAdverseEventTimingVS,Timing of VMMC Adverse Event,"","StructureDefinition/vmmc-adverse-event-observation","Internal"
http://hl7.org/fhir/ValueSet/address-type,4.0.1,active,"2.16.840.1.113883.4.642.3.69",AddressType,AddressType,"The type of an address (physical / postal).","StructureDefinition/HIVPatient,StructureDefinition/ETPatient","hl7.fhir.r4.core"
http://hl7.org/fhir/ValueSet/address-use,4.0.1,active,"2.16.840.1.113883.4.642.3.67",AddressUse,AddressUse,"The use of an address.","StructureDefinition/HIVPatient,StructureDefinition/ETPatient","hl7.fhir.r4.core"
http://hl7.org/fhir/ValueSet/administrative-gender,4.0.1,active,"2.16.840.1.113883.4.642.3.1",AdministrativeGender,AdministrativeGender,"The gender of a person used for administrative purposes.","StructureDefinition/hiv-partner-contact,StructureDefinition/HIVPatient,StructureDefinition/ETPatient","hl7.fhir.r4.core"
http://hl7.org/fhir/ValueSet/appointment-cancellation-reason,4.0.1,draft,"2.16.840.1.113883.4.642.3.1381",AppointmentCancellationReason,Appointment cancellation reason,"This example value set defines a set of reasons for the cancellation of an appointment.","StructureDefinition/hiv-followup-appointment","THO"
http://hl7.org/fhir/ValueSet/appointmentstatus,4.0.1,draft,"2.16.840.1.113883.4.642.3.484",AppointmentStatus,AppointmentStatus,"The free/busy status of an appointment.","StructureDefinition/hiv-followup-appointment","hl7.fhir.r4.core"
http://hl7.org/fhir/ValueSet/body-site,4.0.1,draft,"2.16.840.1.113883.4.642.3.141",SNOMEDCTBodyStructures,SNOMED CT Body Structures,"This value set includes all codes from [SNOMED CT](http://snomed.info/sct) where concept is-a 442083009 (Anatomical or acquired body site (body structure)).","StructureDefinition/ipv-clinical-enquiry,StructureDefinition/partner-services-accepted,StructureDefinition/hiv-status,StructureDefinition/neisseria-gonorrhoeae-test-type-observation,StructureDefinition/hiv-test-type-observation,StructureDefinition/sti-syndrome-observation,StructureDefinition/partner-hiv-test-result,StructureDefinition/suspected-hiv-exposure-observation,StructureDefinition/hiv-self-test-history,StructureDefinition/expected-delivery-date,StructureDefinition/ipv-enquiry-result,StructureDefinition/hiv-test-result-observation,StructureDefinition/hiv-exposure-observation,StructureDefinition/chlamydia-trachomatis-test-type-observation,StructureDefinition/follow-up-type-observation,StructureDefinition/vmmc-procedure-date-observation,StructureDefinition/key-population-type,StructureDefinition/partner-on-art,StructureDefinition/partner-notification-observation,StructureDefinition/srh-integrated-services,StructureDefinition/hiv-adherence,StructureDefinition/other-support-services,StructureDefinition/partner-hiv-test-date,StructureDefinition/young-woman-indicator,StructureDefinition/hiv-positive-confirmed-date,StructureDefinition/hsv-test-type-observation,StructureDefinition/vmmc-adverse-event-observation,StructureDefinition/hiv-self-test-result,StructureDefinition/gonorrhoea-testing-observation,StructureDefinition/currently-on-prep,StructureDefinition/hiv-client-informed-observation,StructureDefinition/hiv-hts-request,StructureDefinition/sti-testing-observation,StructureDefinition/hiv-exposure-datetime,StructureDefinition/exposure-source-observation,StructureDefinition/confirmatory-syphilis-test-observation,StructureDefinition/offered-vps-observation,StructureDefinition/partner-contacts-count,StructureDefinition/hiv-cd4,StructureDefinition/hiv-positive-confirmed-site,StructureDefinition/hiv-test-result,StructureDefinition/partner-hiv-status,StructureDefinition/infant-breastfeeding-status,StructureDefinition/hiv-test-ordered-boolean,StructureDefinition/counselling-provided,StructureDefinition/hiv-first-positive-test-date,StructureDefinition/hiv-assay-number-observation,StructureDefinition/partner-viral-suppression,StructureDefinition/mycoplasma-genitalium-test-type-observation,StructureDefinition/adolescent-girl-indicator,StructureDefinition/pregnancy-status-observation,StructureDefinition/partner-services-offered,StructureDefinition/hiv-test-conducted-boolean,StructureDefinition/hiv-diagnosis-facility-observation,StructureDefinition/prep-dosing-type,StructureDefinition/syphilis-test-type-observation,StructureDefinition/partner-hiv-test-conducted,StructureDefinition/hiv-prevention-services,StructureDefinition/partner-risk-category,StructureDefinition/hiv-test-sent-date,StructureDefinition/hiv-retest-risk-assessment,StructureDefinition/key-population-membership,StructureDefinition/syphilis-testing-treatment-observation,StructureDefinition/prep-visit-observation,StructureDefinition/hiv-serotype-observation,StructureDefinition/confirmatory-sti-test-result-observation,StructureDefinition/partner-hiv-test-ordered,StructureDefinition/gestational-age-observation,StructureDefinition/sti-result-observation,StructureDefinition/other-clinical-services,StructureDefinition/suspected-hiv-exposure,StructureDefinition/hiv-diagnosis-date,StructureDefinition/vmmc-procedure-observation,StructureDefinition/trichomonas-vaginalis-test-type-observation,StructureDefinition/hiv-transmission-route,StructureDefinition/hiv-condition","SCT"
http://hl7.org/fhir/ValueSet/c80-practice-codes,4.0.1,active,"2.16.840.1.113883.3.88.12.80.72",PracticeSettingCodeValueSet,Practice Setting Code Value Set,"This is the code representing the clinical specialty of the clinician or provider who interacted with, treated, or provided a service to/for the patient. The value set used for clinical specialty has been limited by HITSP to the value set reproduced from HITSP C80 Table 2-149 Clinical Specialty Value Set Definition.","StructureDefinition/hiv-followup-appointment,StructureDefinition/ethiopian-mfr-organization-affiliation","SCT"
http://hl7.org/fhir/ValueSet/care-plan-activity-kind,4.0.1,draft,"2.16.840.1.113883.4.642.3.145",CarePlanActivityKind,Care Plan Activity Kind,"Resource types defined as part of FHIR that can be represented as in-line definitions of a care plan activity.","StructureDefinition/hiv-careplan","hl7.fhir.r4.core"
http://hl7.org/fhir/ValueSet/care-plan-activity-outcome,4.0.1,draft,"2.16.840.1.113883.4.642.3.149",CarePlanActivityOutcome,Care Plan Activity Outcome,"Example codes indicating the outcome of a care plan activity. Note that these are in no way complete and might not even be appropriate for some uses.","StructureDefinition/hiv-careplan","SCT"
http://hl7.org/fhir/ValueSet/care-plan-activity-status,4.0.1,draft,"2.16.840.1.113883.4.642.3.146",CarePlanActivityStatus,CarePlanActivityStatus,"Codes that reflect the current state of a care plan activity within its overall life cycle.","StructureDefinition/hiv-careplan","hl7.fhir.r4.core"
http://hl7.org/fhir/ValueSet/care-plan-category,4.0.1,draft,"2.16.840.1.113883.4.642.3.148",CarePlanCategory,Care Plan Category,"Example codes indicating the category a care plan falls within.  Note that these are in no way complete and might not even be appropriate for some uses.","StructureDefinition/hiv-careplan","SCT"
http://hl7.org/fhir/ValueSet/care-plan-intent,4.0.1,draft,"2.16.840.1.113883.4.642.3.150",CarePlanIntent,Care Plan Intent,"Codes indicating the degree of authority/intentionality associated with a care plan.","StructureDefinition/hiv-careplan","hl7.fhir.r4.core"
http://hl7.org/fhir/ValueSet/clinical-findings,4.0.1,draft,"2.16.840.1.113883.4.642.3.232",SNOMEDCTClinicalFindings,SNOMED CT Clinical Findings,"This value set includes all the ""Clinical finding"" [SNOMED CT](http://snomed.info/sct) codes - concepts where concept is-a 404684003 (Clinical finding (finding)).","StructureDefinition/hiv-careplan,StructureDefinition/hiv-lab-report","SCT"
http://hl7.org/fhir/ValueSet/composite-measure-scoring,4.0.1,draft,"2.16.840.1.113883.4.642.3.773",CompositeMeasureScoring,CompositeMeasureScoring,"The composite scoring method of the measure.","StructureDefinition/hiv-measure","THO"
http://hl7.org/fhir/ValueSet/condition-category,4.0.1,draft,"2.16.840.1.113883.4.642.3.162",ConditionCategoryCodes,Condition Category Codes,"Preferred value set for Condition Categories.","StructureDefinition/hiv-condition","THO"
http://hl7.org/fhir/ValueSet/condition-clinical,4.0.1,draft,"2.16.840.1.113883.4.642.3.164",ConditionClinicalStatusCodes,Condition Clinical Status Codes,"Preferred value set for Condition Clinical Status.","StructureDefinition/hiv-condition","THO"
http://hl7.org/fhir/ValueSet/condition-code,4.0.1,draft,"2.16.840.1.113883.4.642.3.161",Condition/Problem/DiagnosisCodes,Condition/Problem/Diagnosis Codes,"Example value set for Condition/Problem/Diagnosis codes.","StructureDefinition/art-start-date,StructureDefinition/hiv-art-medication-request","SCT"
http://hl7.org/fhir/ValueSet/condition-severity,4.0.1,draft,"2.16.840.1.113883.4.642.3.168",Condition/DiagnosisSeverity,Condition/Diagnosis Severity,"Preferred value set for Condition/Diagnosis severity grading.","StructureDefinition/hiv-condition","SCT"
http://hl7.org/fhir/ValueSet/condition-stage,4.0.1,draft,"2.16.840.1.113883.4.642.3.170",ConditionStage,Condition Stage,"Example value set for stages of cancer and other conditions.","StructureDefinition/hiv-condition","SCT"
http://hl7.org/fhir/ValueSet/condition-stage-type,4.0.1,draft,"2.16.840.1.113883.4.642.3.171",ConditionStageType,Condition Stage Type,"Example value set for the type of stages of cancer and other conditions","StructureDefinition/hiv-condition","SCT"
http://hl7.org/fhir/ValueSet/condition-ver-status,4.0.1,draft,"2.16.840.1.113883.4.642.3.166",ConditionVerificationStatus,ConditionVerificationStatus,"The verification status to support or decline the clinical status of the condition or diagnosis.","StructureDefinition/hiv-condition","THO"
http://hl7.org/fhir/ValueSet/consent-action,4.0.1,draft,"2.16.840.1.113883.4.642.3.753",ConsentActionCodes,Consent Action Codes,"This value set includes sample Consent Action codes.","StructureDefinition/hiv-consent","THO"
http://hl7.org/fhir/ValueSet/consent-category,4.0.1,draft,"2.16.840.1.113883.4.642.3.751",ConsentCategoryCodes,Consent Category Codes,"This value set includes sample Consent Directive Type codes, including several consent directive related LOINC codes; HL7 VALUE SET: ActConsentType(2.16.840.1.113883.1.11.19897); examples of US realm consent directive legal descriptions and references to online and/or downloadable forms such as the SSA-827 Authorization to Disclose Information to the Social Security Administration; and other anticipated consent directives related to participation in a clinical trial, medical procedures, reproductive procedures; health care directive (Living Will); advance directive, do not resuscitate (DNR); Physician Orders for Life-Sustaining Treatment (POLST)","StructureDefinition/hiv-consent","LOINC,THO"
http://hl7.org/fhir/ValueSet/consent-content-class,4.0.1,draft,"2.16.840.1.113883.4.642.3.747",ConsentContentClass,Consent Content Class,"This value set includes the FHIR resource types, along with some other important content class codes","StructureDefinition/hiv-consent","hl7.fhir.r4.core,Other"
http://hl7.org/fhir/ValueSet/consent-content-code,4.0.1,draft,"2.16.840.1.113883.4.642.3.748",ConsentContentCodes,Consent Content Codes,"This example value set contains all LOINC code","StructureDefinition/hiv-consent","LOINC"
http://hl7.org/fhir/ValueSet/consent-data-meaning,4.0.1,draft,"2.16.840.1.113883.4.642.3.759",ConsentDataMeaning,ConsentDataMeaning,"How a resource reference is interpreted when testing consent restrictions.","StructureDefinition/hiv-consent","hl7.fhir.r4.core"
http://hl7.org/fhir/ValueSet/consent-policy,4.0.1,draft,"2.16.840.1.113883.4.642.3.1014",ConsentPolicyRuleCodes,Consent PolicyRule Codes,"This value set includes sample Regulatory consent policy types from the US and other regions.","StructureDefinition/hiv-consent","THO"
http://hl7.org/fhir/ValueSet/consent-provision-type,4.0.1,draft,"2.16.840.1.113883.4.642.3.757",ConsentProvisionType,ConsentProvisionType,"How a rule statement is applied, such as adding additional consent or removing consent.","StructureDefinition/hiv-consent","hl7.fhir.r4.core"
http://hl7.org/fhir/ValueSet/consent-scope,4.0.1,draft,"2.16.840.1.113883.4.642.3.761",ConsentScopeCodes,Consent Scope Codes,"This value set includes the four Consent scope codes.","StructureDefinition/hiv-consent","THO"
http://hl7.org/fhir/ValueSet/consent-state-codes,4.0.1,draft,"2.16.840.1.113883.4.642.3.755",ConsentState,ConsentState,"Indicates the state of the consent.","StructureDefinition/hiv-consent","hl7.fhir.r4.core"
http://hl7.org/fhir/ValueSet/contact-point-system,4.0.1,active,"2.16.840.1.113883.4.642.3.71",ContactPointSystem,ContactPointSystem,"Telecommunications form for contact point.","StructureDefinition/HIVPatient,StructureDefinition/ETPatient,StructureDefinition/ethiopian-mfr-organization","hl7.fhir.r4.core"
http://hl7.org/fhir/ValueSet/contact-point-use,4.0.1,active,"2.16.840.1.113883.4.642.3.73",ContactPointUse,ContactPointUse,"Use of contact point.","StructureDefinition/HIVPatient,StructureDefinition/ETPatient","hl7.fhir.r4.core"
http://hl7.org/fhir/ValueSet/contactentity-type,4.0.1,draft,"2.16.840.1.113883.4.642.3.416",ContactEntityType,Contact entity type,"This example value set defines a set of codes that can be used to indicate the purpose for which you would contact a contact party.","StructureDefinition/ethiopian-mfr-organization","THO"
http://hl7.org/fhir/ValueSet/data-absent-reason,4.0.1,active,"2.16.840.1.113883.4.642.3.5",DataAbsentReason,DataAbsentReason,"Used to specify why the normally expected content of the data element is missing.","StructureDefinition/ipv-clinical-enquiry,StructureDefinition/partner-services-accepted,StructureDefinition/hiv-status,StructureDefinition/neisseria-gonorrhoeae-test-type-observation,StructureDefinition/hiv-test-type-observation,StructureDefinition/sti-syndrome-observation,StructureDefinition/partner-hiv-test-result,StructureDefinition/suspected-hiv-exposure-observation,StructureDefinition/hiv-self-test-history,StructureDefinition/expected-delivery-date,StructureDefinition/ipv-enquiry-result,StructureDefinition/hiv-test-result-observation,StructureDefinition/hiv-exposure-observation,StructureDefinition/chlamydia-trachomatis-test-type-observation,StructureDefinition/follow-up-type-observation,StructureDefinition/vmmc-procedure-date-observation,StructureDefinition/key-population-type,StructureDefinition/partner-on-art,StructureDefinition/partner-notification-observation,StructureDefinition/srh-integrated-services,StructureDefinition/hiv-adherence,StructureDefinition/other-support-services,StructureDefinition/partner-hiv-test-date,StructureDefinition/young-woman-indicator,StructureDefinition/hiv-positive-confirmed-date,StructureDefinition/hsv-test-type-observation,StructureDefinition/vmmc-adverse-event-observation,StructureDefinition/hiv-self-test-result,StructureDefinition/gonorrhoea-testing-observation,StructureDefinition/currently-on-prep,StructureDefinition/hiv-client-informed-observation,StructureDefinition/sti-testing-observation,StructureDefinition/hiv-exposure-datetime,StructureDefinition/exposure-source-observation,StructureDefinition/confirmatory-syphilis-test-observation,StructureDefinition/offered-vps-observation,StructureDefinition/partner-contacts-count,StructureDefinition/hiv-cd4,StructureDefinition/hiv-positive-confirmed-site,StructureDefinition/hiv-test-result,StructureDefinition/partner-hiv-status,StructureDefinition/infant-breastfeeding-status,StructureDefinition/hiv-test-ordered-boolean,StructureDefinition/counselling-provided,StructureDefinition/hiv-first-positive-test-date,StructureDefinition/hiv-assay-number-observation,StructureDefinition/partner-viral-suppression,StructureDefinition/mycoplasma-genitalium-test-type-observation,StructureDefinition/adolescent-girl-indicator,StructureDefinition/pregnancy-status-observation,StructureDefinition/partner-services-offered,StructureDefinition/hiv-test-conducted-boolean,StructureDefinition/hiv-diagnosis-facility-observation,StructureDefinition/prep-dosing-type,StructureDefinition/syphilis-test-type-observation,StructureDefinition/partner-hiv-test-conducted,StructureDefinition/hiv-prevention-services,StructureDefinition/partner-risk-category,StructureDefinition/hiv-test-sent-date,StructureDefinition/hiv-retest-risk-assessment,StructureDefinition/key-population-membership,StructureDefinition/syphilis-testing-treatment-observation,StructureDefinition/prep-visit-observation,StructureDefinition/hiv-serotype-observation,StructureDefinition/confirmatory-sti-test-result-observation,StructureDefinition/partner-hiv-test-ordered,StructureDefinition/gestational-age-observation,StructureDefinition/sti-result-observation,StructureDefinition/other-clinical-services,StructureDefinition/suspected-hiv-exposure,StructureDefinition/hiv-diagnosis-date,StructureDefinition/vmmc-procedure-observation,StructureDefinition/trichomonas-vaginalis-test-type-observation,StructureDefinition/hiv-transmission-route","THO"
http://hl7.org/fhir/ValueSet/days-of-week,4.0.1,active,"2.16.840.1.113883.4.642.3.512",DaysOfWeek,DaysOfWeek,"The days of the week.","StructureDefinition/ethiopian-mfr-location","hl7.fhir.r4.core"
http://hl7.org/fhir/ValueSet/definition-topic,4.0.1,draft,"2.16.840.1.113883.4.642.3.794",DefinitionTopic,DefinitionTopic,"High-level categorization of the definition, used for searching, sorting, and filtering.","StructureDefinition/hiv-library,StructureDefinition/hiv-measure","THO"
http://hl7.org/fhir/ValueSet/diagnosis-role,4.0.1,draft,"2.16.840.1.113883.4.642.3.49",DiagnosisRole,DiagnosisRole,"This value set defines a set of codes that can be used to express the role of a diagnosis on the Encounter or EpisodeOfCare record.","StructureDefinition/prep-encounter,StructureDefinition/hiv-encounter,StructureDefinition/hiv-testing-encounter","THO"
http://hl7.org/fhir/ValueSet/diagnostic-report-status,4.0.1,draft,"2.16.840.1.113883.4.642.3.235",DiagnosticReportStatus,DiagnosticReportStatus,"The status of the diagnostic report.","StructureDefinition/hiv-lab-report","hl7.fhir.r4.core"
http://hl7.org/fhir/ValueSet/diagnostic-service-sections,4.0.1,draft,"2.16.840.1.113883.4.642.3.234",DiagnosticServiceSectionCodes,Diagnostic Service Section Codes,"This value set includes all the codes in HL7 V2 table 0074.","StructureDefinition/hiv-lab-report","THO (V2)"
http://hl7.org/fhir/ValueSet/encounter-admit-source,4.0.1,draft,"2.16.840.1.113883.4.642.3.257",AdmitSource,Admit source,"This value set defines a set of codes that can be used to indicate from where the patient came in.","StructureDefinition/prep-encounter,StructureDefinition/hiv-encounter,StructureDefinition/hiv-testing-encounter","THO"
http://hl7.org/fhir/ValueSet/encounter-diet,4.0.1,draft,"2.16.840.1.113883.4.642.3.255",Diet,Diet,"This value set defines a set of codes that can be used to indicate dietary preferences or restrictions a patient may have.","StructureDefinition/prep-encounter,StructureDefinition/hiv-encounter,StructureDefinition/hiv-testing-encounter","THO"
http://hl7.org/fhir/ValueSet/encounter-discharge-disposition,4.0.1,draft,"2.16.840.1.113883.4.642.3.259",DischargeDisposition,Discharge disposition,"This value set defines a set of codes that can be used to where the patient left the hospital.","StructureDefinition/prep-encounter,StructureDefinition/hiv-encounter,StructureDefinition/hiv-testing-encounter","THO"
http://hl7.org/fhir/ValueSet/encounter-location-status,4.0.1,draft,"2.16.840.1.113883.4.642.3.262",EncounterLocationStatus,EncounterLocationStatus,"The status of the location.","StructureDefinition/prep-encounter,StructureDefinition/hiv-encounter,StructureDefinition/hiv-testing-encounter","hl7.fhir.r4.core"
http://hl7.org/fhir/ValueSet/encounter-participant-type,4.0.1,draft,"2.16.840.1.113883.4.642.3.250",ParticipantType,Participant type,"This value set defines a set of codes that can be used to indicate how an individual participates in an encounter.","StructureDefinition/prep-encounter,StructureDefinition/hiv-followup-appointment,StructureDefinition/hiv-encounter,StructureDefinition/hiv-testing-encounter","THO (V3),THO"
http://hl7.org/fhir/ValueSet/encounter-reason,4.0.1,draft,"2.16.840.1.113883.4.642.3.261",EncounterReasonCodes,Encounter Reason Codes,"This examples value set defines the set of codes that can be used to indicate reasons for an encounter.","StructureDefinition/hiv-followup-appointment,StructureDefinition/hiv-encounter","SCT"
http://hl7.org/fhir/ValueSet/encounter-special-arrangements,4.0.1,draft,"2.16.840.1.113883.4.642.3.253",SpecialArrangements,Special arrangements,"This value set defines a set of codes that can be used to indicate the kinds of special arrangements in place for a patients visit.","StructureDefinition/prep-encounter,StructureDefinition/hiv-encounter,StructureDefinition/hiv-testing-encounter","THO"
http://hl7.org/fhir/ValueSet/encounter-special-courtesy,4.0.1,draft,"2.16.840.1.113883.4.642.3.252",SpecialCourtesy,Special courtesy,"This value set defines a set of codes that can be used to indicate special courtesies provided to the patient.","StructureDefinition/prep-encounter,StructureDefinition/hiv-encounter,StructureDefinition/hiv-testing-encounter","THO (V3)"
http://hl7.org/fhir/ValueSet/encounter-status,4.0.1,draft,"2.16.840.1.113883.4.642.3.246",EncounterStatus,EncounterStatus,"Current state of the encounter.","StructureDefinition/prep-encounter,StructureDefinition/hiv-encounter,StructureDefinition/hiv-testing-encounter","hl7.fhir.r4.core"
http://hl7.org/fhir/ValueSet/encounter-type,4.0.1,draft,"2.16.840.1.113883.4.642.3.248",EncounterType,Encounter type,"This example value set defines a set of codes that can be used to indicate the type of encounter: a specific code indicating type of service provided.","StructureDefinition/prep-encounter,StructureDefinition/hiv-encounter,StructureDefinition/hiv-testing-encounter","THO"
http://hl7.org/fhir/ValueSet/identifier-type,4.0.1,active,"2.16.840.1.113883.4.642.3.45",Identifier Type Codes,IdentifierType,"A coded type for an identifier that can be used to determine which identifier to use for a specific purpose.","StructureDefinition/ethiopian-mfr-location,StructureDefinition/HIVPatient,StructureDefinition/ETPatient,StructureDefinition/ethiopian-mfr-organization","THO (V2)"
http://hl7.org/fhir/ValueSet/identifier-use,4.0.1,active,"2.16.840.1.113883.4.642.3.57",IdentifierUse,IdentifierUse,"Identifies the purpose for this identifier, if known .","StructureDefinition/ethiopian-mfr-location,StructureDefinition/HIVPatient,StructureDefinition/ETPatient,StructureDefinition/ethiopian-mfr-organization","hl7.fhir.r4.core"
http://hl7.org/fhir/ValueSet/jurisdiction,4.0.1,active,"2.16.840.1.113883.4.642.3.48",Jurisdiction ValueSet,Jurisdiction,"This value set defines a base set of codes for country, country subdivision and region    for indicating where a resource is intended to be used.             Note: The codes for countries and country subdivisions are taken from    [ISO 3166](https://www.iso.org/iso-3166-country-codes.html)    while the codes for ""supra-national"" regions are from    [UN Standard country or area codes for statistical use (M49)](http://unstats.un.org/unsd/methods/m49/m49.htm).","StructureDefinition/hiv-library,StructureDefinition/hiv-measure","hl7.terminology.r4,Other"
http://hl7.org/fhir/ValueSet/languages,4.0.1,draft,"2.16.840.1.113883.4.642.3.20",CommonLanguages,Common Languages,"This value set includes common codes from BCP-47 (http://tools.ietf.org/html/bcp47)","StructureDefinition/ipv-clinical-enquiry,StructureDefinition/partner-services-accepted,StructureDefinition/hiv-status,StructureDefinition/neisseria-gonorrhoeae-test-type-observation,StructureDefinition/hiv-test-type-observation,StructureDefinition/sti-syndrome-observation,StructureDefinition/partner-hiv-test-result,StructureDefinition/suspected-hiv-exposure-observation,StructureDefinition/hiv-self-test-history,StructureDefinition/expected-delivery-date,StructureDefinition/ipv-enquiry-result,StructureDefinition/hiv-test-result-observation,StructureDefinition/hiv-exposure-observation,StructureDefinition/ethiopian-mfr-location,StructureDefinition/art-start-date,StructureDefinition/chlamydia-trachomatis-test-type-observation,StructureDefinition/follow-up-type-observation,StructureDefinition/vmmc-procedure-date-observation,StructureDefinition/ETPatient,StructureDefinition/key-population-type,StructureDefinition/partner-on-art,StructureDefinition/partner-notification-observation,StructureDefinition/hiv-partner-contact,StructureDefinition/hiv-followup-appointment,StructureDefinition/hiv-encounter,StructureDefinition/srh-integrated-services,StructureDefinition/hiv-adherence,StructureDefinition/other-support-services,StructureDefinition/partner-hiv-test-date,StructureDefinition/young-woman-indicator,StructureDefinition/hiv-positive-confirmed-date,StructureDefinition/hsv-test-type-observation,StructureDefinition/vmmc-adverse-event-observation,StructureDefinition/hiv-self-test-result,StructureDefinition/gonorrhoea-testing-observation,StructureDefinition/hiv-lab-report,StructureDefinition/currently-on-prep,StructureDefinition/hiv-client-informed-observation,StructureDefinition/hiv-hts-request,StructureDefinition/hiv-library,StructureDefinition/sti-testing-observation,StructureDefinition/hiv-exposure-datetime,StructureDefinition/exposure-source-observation,StructureDefinition/confirmatory-syphilis-test-observation,StructureDefinition/offered-vps-observation,StructureDefinition/partner-contacts-count,StructureDefinition/hiv-cd4,StructureDefinition/hiv-careplan,StructureDefinition/hiv-positive-confirmed-site,StructureDefinition/hiv-consent,StructureDefinition/hiv-test-result,StructureDefinition/partner-hiv-status,StructureDefinition/infant-breastfeeding-status,StructureDefinition/hiv-test-ordered-boolean,StructureDefinition/counselling-provided,StructureDefinition/hiv-measure,StructureDefinition/hiv-first-positive-test-date,StructureDefinition/hiv-assay-number-observation,StructureDefinition/partner-viral-suppression,StructureDefinition/hiv-art-medication-request,StructureDefinition/HIVPatient,StructureDefinition/mycoplasma-genitalium-test-type-observation,StructureDefinition/ethiopian-mfr-organization,StructureDefinition/adolescent-girl-indicator,StructureDefinition/pregnancy-status-observation,StructureDefinition/partner-services-offered,StructureDefinition/hiv-test-conducted-boolean,StructureDefinition/hiv-diagnosis-facility-observation,StructureDefinition/prep-dosing-type,StructureDefinition/syphilis-test-type-observation,StructureDefinition/partner-hiv-test-conducted,StructureDefinition/hiv-prevention-services,StructureDefinition/partner-risk-category,StructureDefinition/prep-encounter,StructureDefinition/hiv-test-sent-date,StructureDefinition/ethiopian-mfr-organization-affiliation,StructureDefinition/hiv-retest-risk-assessment,StructureDefinition/key-population-membership,StructureDefinition/syphilis-testing-treatment-observation,StructureDefinition/prep-visit-observation,StructureDefinition/hiv-serotype-observation,StructureDefinition/confirmatory-sti-test-result-observation,StructureDefinition/partner-hiv-test-ordered,StructureDefinition/gestational-age-observation,StructureDefinition/sti-result-observation,StructureDefinition/other-clinical-services,StructureDefinition/suspected-hiv-exposure,StructureDefinition/hiv-diagnosis-date,StructureDefinition/vmmc-procedure-observation,StructureDefinition/trichomonas-vaginalis-test-type-observation,StructureDefinition/hiv-transmission-route,StructureDefinition/hiv-condition,StructureDefinition/hiv-testing-encounter","hl7.terminology.r4"
http://hl7.org/fhir/ValueSet/library-type,4.0.1,draft,"2.16.840.1.113883.4.642.3.763",LibraryType,LibraryType,"The type of knowledge asset this library contains.","StructureDefinition/hiv-library","THO"
http://hl7.org/fhir/ValueSet/link-type,4.0.1,active,"2.16.840.1.113883.4.642.3.423",LinkType,LinkType,"The type of link between this patient resource and another patient resource.","StructureDefinition/HIVPatient,StructureDefinition/ETPatient","hl7.fhir.r4.core"
http://hl7.org/fhir/ValueSet/location-mode,4.0.1,draft,"2.16.840.1.113883.4.642.3.330",LocationMode,LocationMode,"Indicates whether a resource instance represents a specific location or a class of locations.","StructureDefinition/ethiopian-mfr-location","hl7.fhir.r4.core"
http://hl7.org/fhir/ValueSet/location-physical-type,4.0.1,draft,"2.16.840.1.113883.4.642.3.328",LocationType,Location type,"This example value set defines a set of codes that can be used to indicate the physical form of the Location.","StructureDefinition/prep-encounter,StructureDefinition/hiv-encounter,StructureDefinition/hiv-testing-encounter","THO"
http://hl7.org/fhir/ValueSet/location-status,4.0.1,draft,"2.16.840.1.113883.4.642.3.332",LocationStatus,LocationStatus,"Indicates whether the location is still in use.","StructureDefinition/ethiopian-mfr-location","hl7.fhir.r4.core"
http://hl7.org/fhir/ValueSet/manifestation-or-symptom,4.0.1,draft,"2.16.840.1.113883.4.642.3.169",ManifestationAndSymptomCodes,Manifestation and Symptom Codes,"Example value set for Manifestation and Symptom codes.","StructureDefinition/hiv-condition","SCT"
http://hl7.org/fhir/ValueSet/measure-data-usage,4.0.1,draft,"2.16.840.1.113883.4.642.3.771",MeasureDataUsage,MeasureDataUsage,"The intended usage for supplemental data elements in the measure.","StructureDefinition/hiv-measure","THO"
http://hl7.org/fhir/ValueSet/measure-improvement-notation,4.0.1,draft,"2.16.840.1.113883.4.642.3.1236",MeasureImprovementNotation,MeasureImprovementNotation,"Observation values that indicate what change in a measurement value or score is indicative of an improvement in the measured item or scored issue.","StructureDefinition/hiv-measure","THO"
http://hl7.org/fhir/ValueSet/measure-population,4.0.1,draft,"2.16.840.1.113883.4.642.3.765",MeasurePopulationType,MeasurePopulationType,"The type of population.","StructureDefinition/hiv-measure","THO"
http://hl7.org/fhir/ValueSet/measure-scoring,4.0.1,draft,"2.16.840.1.113883.4.642.3.767",MeasureScoring,MeasureScoring,"The scoring type of the measure.","StructureDefinition/hiv-measure","THO"
http://hl7.org/fhir/ValueSet/measure-type,4.0.1,draft,"2.16.840.1.113883.4.642.3.769",MeasureType,MeasureType,"The type of measure (includes codes from 2.16.840.1.113883.1.11.20368).","StructureDefinition/hiv-measure","THO"
http://hl7.org/fhir/ValueSet/medication-as-needed-reason,4.0.1,draft,"2.16.840.1.113883.4.642.3.96",SNOMEDCTMedicationAsNeededReasonCodes,SNOMED CT Medication As Needed Reason Codes,"This value set includes all clinical findings from SNOMED CT - provided as an exemplar value set.","StructureDefinition/hiv-hts-request","SCT"
http://hl7.org/fhir/ValueSet/medication-codes,4.0.1,draft,"2.16.840.1.113883.4.642.3.375",SNOMEDCTMedicationCodes,SNOMED CT Medication Codes,"This value set includes all drug or medicament substance codes and all pharmaceutical/biologic products from SNOMED CT - provided as an exemplar value set.","StructureDefinition/hiv-careplan,StructureDefinition/art-start-date,StructureDefinition/hiv-art-medication-request","SCT"
http://hl7.org/fhir/ValueSet/medication-statement-category,4.0.1,draft,"2.16.840.1.113883.4.642.3.370",Medication usage category codes,Medication usage category codes,"Medication Status Codes","StructureDefinition/art-start-date","THO"
http://hl7.org/fhir/ValueSet/medication-statement-status,4.0.1,draft,"2.16.840.1.113883.4.642.3.367",Medication Status Codes,Medication  status  codes,"Medication Status Codes","StructureDefinition/art-start-date","hl7.fhir.r4.core"
http://hl7.org/fhir/ValueSet/medicationrequest-category,4.0.1,draft,"2.16.840.1.113883.4.642.3.1322",medicationRequest Category Codes,Medication request  category  codes,"MedicationRequest Category Codes","StructureDefinition/hiv-art-medication-request","THO"
http://hl7.org/fhir/ValueSet/medicationrequest-course-of-therapy,4.0.1,draft,"2.16.840.1.113883.4.642.3.1326",medicationRequest Course of Therapy Codes,Medication request  course of  therapy  codes,"MedicationRequest Course of Therapy Codes","StructureDefinition/hiv-art-medication-request","THO"
http://hl7.org/fhir/ValueSet/medicationrequest-intent,4.0.1,draft,"2.16.840.1.113883.4.642.3.1321",medicationRequest Intent,Medication request  intent,"MedicationRequest Intent Codes","StructureDefinition/hiv-art-medication-request","hl7.fhir.r4.core"
http://hl7.org/fhir/ValueSet/medicationrequest-status,4.0.1,draft,"2.16.840.1.113883.4.642.3.1320",medicationrequest Status,Medicationrequest  status,"MedicationRequest Status Codes","StructureDefinition/hiv-art-medication-request","hl7.fhir.r4.core"
http://hl7.org/fhir/ValueSet/medicationrequest-status-reason,4.0.1,draft,"2.16.840.1.113883.4.642.3.1324",medicationRequest Status Reason Codes,Medication request  status  reason  codes,"MedicationRequest Status Reason Codes","StructureDefinition/hiv-art-medication-request","THO"
http://hl7.org/fhir/ValueSet/name-use,4.0.1,active,"2.16.840.1.113883.4.642.3.65",NameUse,NameUse,"The use of a human name.","StructureDefinition/HIVPatient,StructureDefinition/ETPatient","hl7.fhir.r4.core"
http://hl7.org/fhir/ValueSet/observation-category,4.0.1,draft,"2.16.840.1.113883.4.642.3.403",ObservationCategoryCodes,Observation Category Codes,"Observation Category codes.","StructureDefinition/ipv-clinical-enquiry,StructureDefinition/partner-services-accepted,StructureDefinition/hiv-status,StructureDefinition/neisseria-gonorrhoeae-test-type-observation,StructureDefinition/hiv-test-type-observation,StructureDefinition/sti-syndrome-observation,StructureDefinition/partner-hiv-test-result,StructureDefinition/suspected-hiv-exposure-observation,StructureDefinition/hiv-self-test-history,StructureDefinition/expected-delivery-date,StructureDefinition/ipv-enquiry-result,StructureDefinition/hiv-test-result-observation,StructureDefinition/hiv-exposure-observation,StructureDefinition/chlamydia-trachomatis-test-type-observation,StructureDefinition/follow-up-type-observation,StructureDefinition/vmmc-procedure-date-observation,StructureDefinition/key-population-type,StructureDefinition/partner-on-art,StructureDefinition/partner-notification-observation,StructureDefinition/srh-integrated-services,StructureDefinition/hiv-adherence,StructureDefinition/other-support-services,StructureDefinition/partner-hiv-test-date,StructureDefinition/young-woman-indicator,StructureDefinition/hiv-positive-confirmed-date,StructureDefinition/hsv-test-type-observation,StructureDefinition/vmmc-adverse-event-observation,StructureDefinition/hiv-self-test-result,StructureDefinition/gonorrhoea-testing-observation,StructureDefinition/currently-on-prep,StructureDefinition/hiv-client-informed-observation,StructureDefinition/sti-testing-observation,StructureDefinition/hiv-exposure-datetime,StructureDefinition/exposure-source-observation,StructureDefinition/confirmatory-syphilis-test-observation,StructureDefinition/offered-vps-observation,StructureDefinition/partner-contacts-count,StructureDefinition/hiv-cd4,StructureDefinition/hiv-positive-confirmed-site,StructureDefinition/hiv-test-result,StructureDefinition/partner-hiv-status,StructureDefinition/infant-breastfeeding-status,StructureDefinition/hiv-test-ordered-boolean,StructureDefinition/counselling-provided,StructureDefinition/hiv-first-positive-test-date,StructureDefinition/hiv-assay-number-observation,StructureDefinition/partner-viral-suppression,StructureDefinition/mycoplasma-genitalium-test-type-observation,StructureDefinition/adolescent-girl-indicator,StructureDefinition/pregnancy-status-observation,StructureDefinition/partner-services-offered,StructureDefinition/hiv-test-conducted-boolean,StructureDefinition/hiv-diagnosis-facility-observation,StructureDefinition/prep-dosing-type,StructureDefinition/syphilis-test-type-observation,StructureDefinition/partner-hiv-test-conducted,StructureDefinition/hiv-prevention-services,StructureDefinition/partner-risk-category,StructureDefinition/hiv-test-sent-date,StructureDefinition/hiv-retest-risk-assessment,StructureDefinition/key-population-membership,StructureDefinition/syphilis-testing-treatment-observation,StructureDefinition/prep-visit-observation,StructureDefinition/hiv-serotype-observation,StructureDefinition/confirmatory-sti-test-result-observation,StructureDefinition/partner-hiv-test-ordered,StructureDefinition/gestational-age-observation,StructureDefinition/sti-result-observation,StructureDefinition/other-clinical-services,StructureDefinition/suspected-hiv-exposure,StructureDefinition/hiv-diagnosis-date,StructureDefinition/vmmc-procedure-observation,StructureDefinition/trichomonas-vaginalis-test-type-observation,StructureDefinition/hiv-transmission-route","THO"
http://hl7.org/fhir/ValueSet/observation-codes,4.0.1,draft,"2.16.840.1.113883.4.642.3.396",LOINCCodes,LOINC Codes,"This value set includes all LOINC codes","StructureDefinition/ipv-clinical-enquiry,StructureDefinition/partner-services-accepted,StructureDefinition/hiv-status,StructureDefinition/neisseria-gonorrhoeae-test-type-observation,StructureDefinition/hiv-test-type-observation,StructureDefinition/sti-syndrome-observation,StructureDefinition/partner-hiv-test-result,StructureDefinition/suspected-hiv-exposure-observation,StructureDefinition/hiv-self-test-history,StructureDefinition/expected-delivery-date,StructureDefinition/ipv-enquiry-result,StructureDefinition/hiv-test-result-observation,StructureDefinition/hiv-exposure-observation,StructureDefinition/chlamydia-trachomatis-test-type-observation,StructureDefinition/follow-up-type-observation,StructureDefinition/vmmc-procedure-date-observation,StructureDefinition/key-population-type,StructureDefinition/partner-on-art,StructureDefinition/partner-notification-observation,StructureDefinition/srh-integrated-services,StructureDefinition/hiv-adherence,StructureDefinition/other-support-services,StructureDefinition/partner-hiv-test-date,StructureDefinition/young-woman-indicator,StructureDefinition/hiv-positive-confirmed-date,StructureDefinition/hsv-test-type-observation,StructureDefinition/vmmc-adverse-event-observation,StructureDefinition/hiv-self-test-result,StructureDefinition/gonorrhoea-testing-observation,StructureDefinition/currently-on-prep,StructureDefinition/hiv-client-informed-observation,StructureDefinition/sti-testing-observation,StructureDefinition/hiv-exposure-datetime,StructureDefinition/exposure-source-observation,StructureDefinition/confirmatory-syphilis-test-observation,StructureDefinition/offered-vps-observation,StructureDefinition/partner-contacts-count,StructureDefinition/hiv-cd4,StructureDefinition/hiv-positive-confirmed-site,StructureDefinition/hiv-test-result,StructureDefinition/partner-hiv-status,StructureDefinition/infant-breastfeeding-status,StructureDefinition/hiv-test-ordered-boolean,StructureDefinition/counselling-provided,StructureDefinition/hiv-first-positive-test-date,StructureDefinition/hiv-assay-number-observation,StructureDefinition/partner-viral-suppression,StructureDefinition/mycoplasma-genitalium-test-type-observation,StructureDefinition/adolescent-girl-indicator,StructureDefinition/pregnancy-status-observation,StructureDefinition/partner-services-offered,StructureDefinition/hiv-test-conducted-boolean,StructureDefinition/hiv-diagnosis-facility-observation,StructureDefinition/prep-dosing-type,StructureDefinition/syphilis-test-type-observation,StructureDefinition/partner-hiv-test-conducted,StructureDefinition/hiv-prevention-services,StructureDefinition/partner-risk-category,StructureDefinition/hiv-test-sent-date,StructureDefinition/hiv-retest-risk-assessment,StructureDefinition/key-population-membership,StructureDefinition/syphilis-testing-treatment-observation,StructureDefinition/prep-visit-observation,StructureDefinition/hiv-serotype-observation,StructureDefinition/confirmatory-sti-test-result-observation,StructureDefinition/partner-hiv-test-ordered,StructureDefinition/gestational-age-observation,StructureDefinition/sti-result-observation,StructureDefinition/other-clinical-services,StructureDefinition/suspected-hiv-exposure,StructureDefinition/hiv-diagnosis-date,StructureDefinition/vmmc-procedure-observation,StructureDefinition/trichomonas-vaginalis-test-type-observation,StructureDefinition/hiv-transmission-route","LOINC"
http://hl7.org/fhir/ValueSet/observation-interpretation,4.0.1,active,"2.16.840.1.113883.4.642.3.399",ObservationInterpretationCodes,Observation Interpretation Codes,"A categorical assessment, providing a rough qualitative interpretation of the observation value,    such as “normal”/ “abnormal”,”low” / “high”, “better” / “worse”, “susceptible” / “resistant”, “expected”/ “not expected”.    The value set is intended to be for ANY use where coded representation of an interpretation is needed.             Notes:          This is being communicated in v2.x in OBX-8 (Observation Interpretation), in v3 in ObservationInterpretation (CWE) in R1 (Representative Realm) and in FHIR in    Observation.interpretation. Historically these values come from the laboratory domain, and these codes are extensively    used. The value set binding is extensible, so codes outside the value set that are needed for interpretation concepts    (i.e. particular meanings) that are not included in the value set can be used, and these new codes may also be added to    the value set and published in a future version.","StructureDefinition/ipv-clinical-enquiry,StructureDefinition/partner-services-accepted,StructureDefinition/hiv-status,StructureDefinition/neisseria-gonorrhoeae-test-type-observation,StructureDefinition/hiv-test-type-observation,StructureDefinition/sti-syndrome-observation,StructureDefinition/partner-hiv-test-result,StructureDefinition/suspected-hiv-exposure-observation,StructureDefinition/hiv-self-test-history,StructureDefinition/expected-delivery-date,StructureDefinition/ipv-enquiry-result,StructureDefinition/hiv-test-result-observation,StructureDefinition/hiv-exposure-observation,StructureDefinition/chlamydia-trachomatis-test-type-observation,StructureDefinition/follow-up-type-observation,StructureDefinition/vmmc-procedure-date-observation,StructureDefinition/key-population-type,StructureDefinition/partner-on-art,StructureDefinition/partner-notification-observation,StructureDefinition/srh-integrated-services,StructureDefinition/hiv-adherence,StructureDefinition/other-support-services,StructureDefinition/partner-hiv-test-date,StructureDefinition/young-woman-indicator,StructureDefinition/hiv-positive-confirmed-date,StructureDefinition/hsv-test-type-observation,StructureDefinition/vmmc-adverse-event-observation,StructureDefinition/hiv-self-test-result,StructureDefinition/gonorrhoea-testing-observation,StructureDefinition/currently-on-prep,StructureDefinition/hiv-client-informed-observation,StructureDefinition/sti-testing-observation,StructureDefinition/hiv-exposure-datetime,StructureDefinition/exposure-source-observation,StructureDefinition/confirmatory-syphilis-test-observation,StructureDefinition/offered-vps-observation,StructureDefinition/partner-contacts-count,StructureDefinition/hiv-cd4,StructureDefinition/hiv-positive-confirmed-site,StructureDefinition/hiv-test-result,StructureDefinition/partner-hiv-status,StructureDefinition/infant-breastfeeding-status,StructureDefinition/hiv-test-ordered-boolean,StructureDefinition/counselling-provided,StructureDefinition/hiv-first-positive-test-date,StructureDefinition/hiv-assay-number-observation,StructureDefinition/partner-viral-suppression,StructureDefinition/mycoplasma-genitalium-test-type-observation,StructureDefinition/adolescent-girl-indicator,StructureDefinition/pregnancy-status-observation,StructureDefinition/partner-services-offered,StructureDefinition/hiv-test-conducted-boolean,StructureDefinition/hiv-diagnosis-facility-observation,StructureDefinition/prep-dosing-type,StructureDefinition/syphilis-test-type-observation,StructureDefinition/partner-hiv-test-conducted,StructureDefinition/hiv-prevention-services,StructureDefinition/partner-risk-category,StructureDefinition/hiv-test-sent-date,StructureDefinition/hiv-retest-risk-assessment,StructureDefinition/key-population-membership,StructureDefinition/syphilis-testing-treatment-observation,StructureDefinition/prep-visit-observation,StructureDefinition/hiv-serotype-observation,StructureDefinition/confirmatory-sti-test-result-observation,StructureDefinition/partner-hiv-test-ordered,StructureDefinition/gestational-age-observation,StructureDefinition/sti-result-observation,StructureDefinition/other-clinical-services,StructureDefinition/suspected-hiv-exposure,StructureDefinition/hiv-diagnosis-date,StructureDefinition/vmmc-procedure-observation,StructureDefinition/trichomonas-vaginalis-test-type-observation,StructureDefinition/hiv-transmission-route","THO (V3)"
http://hl7.org/fhir/ValueSet/observation-methods,4.0.1,draft,"2.16.840.1.113883.4.642.3.395",ObservationMethods,Observation Methods,"Observation Method codes from [SNOMED CT](http://snomed.info/sct) where concept is-a 272394005 (Technique (qualifier value)) or is-a 129264002 (Action (qualifier value)) or is-a 386053000 (Evaluation procedure(procedure))","StructureDefinition/ipv-clinical-enquiry,StructureDefinition/partner-services-accepted,StructureDefinition/hiv-status,StructureDefinition/neisseria-gonorrhoeae-test-type-observation,StructureDefinition/hiv-test-type-observation,StructureDefinition/sti-syndrome-observation,StructureDefinition/partner-hiv-test-result,StructureDefinition/suspected-hiv-exposure-observation,StructureDefinition/hiv-self-test-history,StructureDefinition/expected-delivery-date,StructureDefinition/ipv-enquiry-result,StructureDefinition/hiv-test-result-observation,StructureDefinition/hiv-exposure-observation,StructureDefinition/chlamydia-trachomatis-test-type-observation,StructureDefinition/follow-up-type-observation,StructureDefinition/vmmc-procedure-date-observation,StructureDefinition/key-population-type,StructureDefinition/partner-on-art,StructureDefinition/partner-notification-observation,StructureDefinition/srh-integrated-services,StructureDefinition/hiv-adherence,StructureDefinition/other-support-services,StructureDefinition/partner-hiv-test-date,StructureDefinition/young-woman-indicator,StructureDefinition/hiv-positive-confirmed-date,StructureDefinition/hsv-test-type-observation,StructureDefinition/vmmc-adverse-event-observation,StructureDefinition/hiv-self-test-result,StructureDefinition/gonorrhoea-testing-observation,StructureDefinition/currently-on-prep,StructureDefinition/hiv-client-informed-observation,StructureDefinition/sti-testing-observation,StructureDefinition/hiv-exposure-datetime,StructureDefinition/exposure-source-observation,StructureDefinition/confirmatory-syphilis-test-observation,StructureDefinition/offered-vps-observation,StructureDefinition/partner-contacts-count,StructureDefinition/hiv-cd4,StructureDefinition/hiv-positive-confirmed-site,StructureDefinition/hiv-test-result,StructureDefinition/partner-hiv-status,StructureDefinition/infant-breastfeeding-status,StructureDefinition/hiv-test-ordered-boolean,StructureDefinition/counselling-provided,StructureDefinition/hiv-first-positive-test-date,StructureDefinition/hiv-assay-number-observation,StructureDefinition/partner-viral-suppression,StructureDefinition/mycoplasma-genitalium-test-type-observation,StructureDefinition/adolescent-girl-indicator,StructureDefinition/pregnancy-status-observation,StructureDefinition/partner-services-offered,StructureDefinition/hiv-test-conducted-boolean,StructureDefinition/hiv-diagnosis-facility-observation,StructureDefinition/prep-dosing-type,StructureDefinition/syphilis-test-type-observation,StructureDefinition/partner-hiv-test-conducted,StructureDefinition/hiv-prevention-services,StructureDefinition/partner-risk-category,StructureDefinition/hiv-test-sent-date,StructureDefinition/hiv-retest-risk-assessment,StructureDefinition/key-population-membership,StructureDefinition/syphilis-testing-treatment-observation,StructureDefinition/prep-visit-observation,StructureDefinition/hiv-serotype-observation,StructureDefinition/confirmatory-sti-test-result-observation,StructureDefinition/partner-hiv-test-ordered,StructureDefinition/gestational-age-observation,StructureDefinition/sti-result-observation,StructureDefinition/other-clinical-services,StructureDefinition/suspected-hiv-exposure,StructureDefinition/hiv-diagnosis-date,StructureDefinition/vmmc-procedure-observation,StructureDefinition/trichomonas-vaginalis-test-type-observation,StructureDefinition/hiv-transmission-route","SCT"
http://hl7.org/fhir/ValueSet/observation-status,4.0.1,active,"2.16.840.1.113883.4.642.3.400",ObservationStatus,ObservationStatus,"Codes providing the status of an observation.","StructureDefinition/ipv-clinical-enquiry,StructureDefinition/partner-services-accepted,StructureDefinition/hiv-status,StructureDefinition/neisseria-gonorrhoeae-test-type-observation,StructureDefinition/hiv-test-type-observation,StructureDefinition/sti-syndrome-observation,StructureDefinition/partner-hiv-test-result,StructureDefinition/suspected-hiv-exposure-observation,StructureDefinition/hiv-self-test-history,StructureDefinition/expected-delivery-date,StructureDefinition/ipv-enquiry-result,StructureDefinition/hiv-test-result-observation,StructureDefinition/hiv-exposure-observation,StructureDefinition/chlamydia-trachomatis-test-type-observation,StructureDefinition/follow-up-type-observation,StructureDefinition/vmmc-procedure-date-observation,StructureDefinition/key-population-type,StructureDefinition/partner-on-art,StructureDefinition/partner-notification-observation,StructureDefinition/srh-integrated-services,StructureDefinition/hiv-adherence,StructureDefinition/other-support-services,StructureDefinition/partner-hiv-test-date,StructureDefinition/young-woman-indicator,StructureDefinition/hiv-positive-confirmed-date,StructureDefinition/hsv-test-type-observation,StructureDefinition/vmmc-adverse-event-observation,StructureDefinition/hiv-self-test-result,StructureDefinition/gonorrhoea-testing-observation,StructureDefinition/currently-on-prep,StructureDefinition/hiv-client-informed-observation,StructureDefinition/sti-testing-observation,StructureDefinition/hiv-exposure-datetime,StructureDefinition/exposure-source-observation,StructureDefinition/confirmatory-syphilis-test-observation,StructureDefinition/offered-vps-observation,StructureDefinition/partner-contacts-count,StructureDefinition/hiv-cd4,StructureDefinition/hiv-positive-confirmed-site,StructureDefinition/hiv-test-result,StructureDefinition/partner-hiv-status,StructureDefinition/infant-breastfeeding-status,StructureDefinition/hiv-test-ordered-boolean,StructureDefinition/counselling-provided,StructureDefinition/hiv-first-positive-test-date,StructureDefinition/hiv-assay-number-observation,StructureDefinition/partner-viral-suppression,StructureDefinition/mycoplasma-genitalium-test-type-observation,StructureDefinition/adolescent-girl-indicator,StructureDefinition/pregnancy-status-observation,StructureDefinition/partner-services-offered,StructureDefinition/hiv-test-conducted-boolean,StructureDefinition/hiv-diagnosis-facility-observation,StructureDefinition/prep-dosing-type,StructureDefinition/syphilis-test-type-observation,StructureDefinition/partner-hiv-test-conducted,StructureDefinition/hiv-prevention-services,StructureDefinition/partner-risk-category,StructureDefinition/hiv-test-sent-date,StructureDefinition/hiv-retest-risk-assessment,StructureDefinition/key-population-membership,StructureDefinition/syphilis-testing-treatment-observation,StructureDefinition/prep-visit-observation,StructureDefinition/hiv-serotype-observation,StructureDefinition/confirmatory-sti-test-result-observation,StructureDefinition/partner-hiv-test-ordered,StructureDefinition/gestational-age-observation,StructureDefinition/sti-result-observation,StructureDefinition/other-clinical-services,StructureDefinition/suspected-hiv-exposure,StructureDefinition/hiv-diagnosis-date,StructureDefinition/vmmc-procedure-observation,StructureDefinition/trichomonas-vaginalis-test-type-observation,StructureDefinition/hiv-transmission-route","hl7.fhir.r4.core"
http://hl7.org/fhir/ValueSet/organization-type,4.0.1,draft,"2.16.840.1.113883.4.642.3.414",OrganizationType,Organization type,"This example value set defines a set of codes that can be used to indicate a type of organization.","StructureDefinition/ethiopian-mfr-organization","THO"
http://hl7.org/fhir/ValueSet/participant-role,4.0.1,draft,"2.16.840.1.113883.4.642.3.152",ParticipantRoles,Participant Roles,"Roles of participants that may be included in a care team.  Defined as: Is a Person, Healthcare professional (occupation) or Healthcare related organization (qualifier value).","StructureDefinition/hiv-hts-request","SCT"
http://hl7.org/fhir/ValueSet/participantrequired,4.0.1,draft,"2.16.840.1.113883.4.642.3.488",ParticipantRequired,ParticipantRequired,"Is the Participant required to attend the appointment.","StructureDefinition/hiv-followup-appointment","hl7.fhir.r4.core"
http://hl7.org/fhir/ValueSet/participationstatus,4.0.1,draft,"2.16.840.1.113883.4.642.3.486",ParticipationStatus,ParticipationStatus,"The Participation status of an appointment.","StructureDefinition/hiv-followup-appointment","hl7.fhir.r4.core"
http://hl7.org/fhir/ValueSet/patient-contactrelationship,4.0.1,active,"2.16.840.1.113883.4.642.3.1130",PatientContactRelationship,Patient Contact Relationship ,"The nature of the relationship between the patient and the contact person.","StructureDefinition/ETPatient","THO (V2)"
http://hl7.org/fhir/ValueSet/performer-role,4.0.1,draft,"2.16.840.1.113883.4.642.3.433",ProcedurePerformerRoleCodes,Procedure Performer Role Codes,"This example value set defines the set of codes that can be used to indicate a role of a procedure performer.","StructureDefinition/hiv-art-medication-request","SCT"
http://hl7.org/fhir/ValueSet/procedure-code,4.0.1,draft,"2.16.840.1.113883.4.642.3.427",ProcedureCodes(SNOMEDCT),Procedure Codes (SNOMED CT),"Procedure Code: All SNOMED CT procedure codes.","StructureDefinition/hiv-careplan","SCT"
http://hl7.org/fhir/ValueSet/procedure-reason,4.0.1,draft,"2.16.840.1.113883.4.642.3.432",ProcedureReasonCodes,Procedure Reason Codes,"This example value set defines the set of codes that can be used to indicate a reason for a procedure.","StructureDefinition/hiv-hts-request","SCT"
http://hl7.org/fhir/ValueSet/publication-status,4.0.1,active,"2.16.840.1.113883.4.642.3.3",PublicationStatus,PublicationStatus,"The lifecycle status of an artifact.","StructureDefinition/hiv-library,StructureDefinition/hiv-measure","hl7.fhir.r4.core"
http://hl7.org/fhir/ValueSet/quantity-comparator,4.0.1,active,"2.16.840.1.113883.4.642.3.59",QuantityComparator,QuantityComparator,"How the Quantity should be understood and represented.","StructureDefinition/gestational-age-observation","hl7.fhir.r4.core"
http://hl7.org/fhir/ValueSet/reason-medication-status-codes,4.0.1,draft,"2.16.840.1.113883.4.642.3.369",SNOMEDCTDrugTherapyStatusCodes,SNOMED CT Drug Therapy Status codes ,"This value set includes some taken and not taken reason codes from SNOMED CT - provided as an exemplar","StructureDefinition/art-start-date","SCT"
http://hl7.org/fhir/ValueSet/referencerange-appliesto,4.0.1,draft,"2.16.840.1.113883.4.642.3.407",ObservationReferenceRangeAppliesToCodes,Observation Reference Range Applies To Codes,"This value set defines a set of codes that can be used to indicate the particular target population the reference range applies to.","StructureDefinition/ipv-clinical-enquiry,StructureDefinition/partner-services-accepted,StructureDefinition/hiv-status,StructureDefinition/neisseria-gonorrhoeae-test-type-observation,StructureDefinition/hiv-test-type-observation,StructureDefinition/sti-syndrome-observation,StructureDefinition/partner-hiv-test-result,StructureDefinition/suspected-hiv-exposure-observation,StructureDefinition/hiv-self-test-history,StructureDefinition/expected-delivery-date,StructureDefinition/ipv-enquiry-result,StructureDefinition/hiv-test-result-observation,StructureDefinition/hiv-exposure-observation,StructureDefinition/chlamydia-trachomatis-test-type-observation,StructureDefinition/follow-up-type-observation,StructureDefinition/vmmc-procedure-date-observation,StructureDefinition/key-population-type,StructureDefinition/partner-on-art,StructureDefinition/partner-notification-observation,StructureDefinition/srh-integrated-services,StructureDefinition/hiv-adherence,StructureDefinition/other-support-services,StructureDefinition/partner-hiv-test-date,StructureDefinition/young-woman-indicator,StructureDefinition/hiv-positive-confirmed-date,StructureDefinition/hsv-test-type-observation,StructureDefinition/vmmc-adverse-event-observation,StructureDefinition/hiv-self-test-result,StructureDefinition/gonorrhoea-testing-observation,StructureDefinition/currently-on-prep,StructureDefinition/hiv-client-informed-observation,StructureDefinition/sti-testing-observation,StructureDefinition/hiv-exposure-datetime,StructureDefinition/exposure-source-observation,StructureDefinition/confirmatory-syphilis-test-observation,StructureDefinition/offered-vps-observation,StructureDefinition/partner-contacts-count,StructureDefinition/hiv-cd4,StructureDefinition/hiv-positive-confirmed-site,StructureDefinition/hiv-test-result,StructureDefinition/partner-hiv-status,StructureDefinition/infant-breastfeeding-status,StructureDefinition/hiv-test-ordered-boolean,StructureDefinition/counselling-provided,StructureDefinition/hiv-first-positive-test-date,StructureDefinition/hiv-assay-number-observation,StructureDefinition/partner-viral-suppression,StructureDefinition/mycoplasma-genitalium-test-type-observation,StructureDefinition/adolescent-girl-indicator,StructureDefinition/pregnancy-status-observation,StructureDefinition/partner-services-offered,StructureDefinition/hiv-test-conducted-boolean,StructureDefinition/hiv-diagnosis-facility-observation,StructureDefinition/prep-dosing-type,StructureDefinition/syphilis-test-type-observation,StructureDefinition/partner-hiv-test-conducted,StructureDefinition/hiv-prevention-services,StructureDefinition/partner-risk-category,StructureDefinition/hiv-test-sent-date,StructureDefinition/hiv-retest-risk-assessment,StructureDefinition/key-population-membership,StructureDefinition/syphilis-testing-treatment-observation,StructureDefinition/prep-visit-observation,StructureDefinition/hiv-serotype-observation,StructureDefinition/confirmatory-sti-test-result-observation,StructureDefinition/partner-hiv-test-ordered,StructureDefinition/gestational-age-observation,StructureDefinition/sti-result-observation,StructureDefinition/other-clinical-services,StructureDefinition/suspected-hiv-exposure,StructureDefinition/hiv-diagnosis-date,StructureDefinition/vmmc-procedure-observation,StructureDefinition/trichomonas-vaginalis-test-type-observation,StructureDefinition/hiv-transmission-route","SCT"
http://hl7.org/fhir/ValueSet/referencerange-meaning,4.0.1,draft,"2.16.840.1.113883.4.642.3.397",ObservationReferenceRangeMeaningCodes,Observation Reference Range Meaning Codes,"This value set defines a set of codes that can be used to indicate the meaning/use of a reference range for a particular target population.","StructureDefinition/ipv-clinical-enquiry,StructureDefinition/partner-services-accepted,StructureDefinition/hiv-status,StructureDefinition/neisseria-gonorrhoeae-test-type-observation,StructureDefinition/hiv-test-type-observation,StructureDefinition/sti-syndrome-observation,StructureDefinition/partner-hiv-test-result,StructureDefinition/suspected-hiv-exposure-observation,StructureDefinition/hiv-self-test-history,StructureDefinition/expected-delivery-date,StructureDefinition/ipv-enquiry-result,StructureDefinition/hiv-test-result-observation,StructureDefinition/hiv-exposure-observation,StructureDefinition/chlamydia-trachomatis-test-type-observation,StructureDefinition/follow-up-type-observation,StructureDefinition/vmmc-procedure-date-observation,StructureDefinition/key-population-type,StructureDefinition/partner-on-art,StructureDefinition/partner-notification-observation,StructureDefinition/srh-integrated-services,StructureDefinition/hiv-adherence,StructureDefinition/other-support-services,StructureDefinition/partner-hiv-test-date,StructureDefinition/young-woman-indicator,StructureDefinition/hiv-positive-confirmed-date,StructureDefinition/hsv-test-type-observation,StructureDefinition/vmmc-adverse-event-observation,StructureDefinition/hiv-self-test-result,StructureDefinition/gonorrhoea-testing-observation,StructureDefinition/currently-on-prep,StructureDefinition/hiv-client-informed-observation,StructureDefinition/sti-testing-observation,StructureDefinition/hiv-exposure-datetime,StructureDefinition/exposure-source-observation,StructureDefinition/confirmatory-syphilis-test-observation,StructureDefinition/offered-vps-observation,StructureDefinition/partner-contacts-count,StructureDefinition/hiv-cd4,StructureDefinition/hiv-positive-confirmed-site,StructureDefinition/hiv-test-result,StructureDefinition/partner-hiv-status,StructureDefinition/infant-breastfeeding-status,StructureDefinition/hiv-test-ordered-boolean,StructureDefinition/counselling-provided,StructureDefinition/hiv-first-positive-test-date,StructureDefinition/hiv-assay-number-observation,StructureDefinition/partner-viral-suppression,StructureDefinition/mycoplasma-genitalium-test-type-observation,StructureDefinition/adolescent-girl-indicator,StructureDefinition/pregnancy-status-observation,StructureDefinition/partner-services-offered,StructureDefinition/hiv-test-conducted-boolean,StructureDefinition/hiv-diagnosis-facility-observation,StructureDefinition/prep-dosing-type,StructureDefinition/syphilis-test-type-observation,StructureDefinition/partner-hiv-test-conducted,StructureDefinition/hiv-prevention-services,StructureDefinition/partner-risk-category,StructureDefinition/hiv-test-sent-date,StructureDefinition/hiv-retest-risk-assessment,StructureDefinition/key-population-membership,StructureDefinition/syphilis-testing-treatment-observation,StructureDefinition/prep-visit-observation,StructureDefinition/hiv-serotype-observation,StructureDefinition/confirmatory-sti-test-result-observation,StructureDefinition/partner-hiv-test-ordered,StructureDefinition/gestational-age-observation,StructureDefinition/sti-result-observation,StructureDefinition/other-clinical-services,StructureDefinition/suspected-hiv-exposure,StructureDefinition/hiv-diagnosis-date,StructureDefinition/vmmc-procedure-observation,StructureDefinition/trichomonas-vaginalis-test-type-observation,StructureDefinition/hiv-transmission-route","THO"
http://hl7.org/fhir/ValueSet/report-codes,4.0.1,draft,"2.16.840.1.113883.4.642.3.233",LOINCDiagnosticReportCodes,LOINC Diagnostic Report Codes,"This value set includes LOINC codes that relate to Diagnostic Observations.","StructureDefinition/hiv-lab-report","LOINC"
http://hl7.org/fhir/ValueSet/request-intent,4.0.1,draft,"2.16.840.1.113883.4.642.3.113",RequestIntent,RequestIntent,"Codes indicating the degree of authority/intentionality associated with a request.","StructureDefinition/hiv-hts-request","hl7.fhir.r4.core"
http://hl7.org/fhir/ValueSet/request-priority,4.0.1,draft,"2.16.840.1.113883.4.642.3.115",RequestPriority,Request priority,"The clinical priority of a diagnostic order.","StructureDefinition/hiv-hts-request,StructureDefinition/hiv-art-medication-request","hl7.fhir.r4.core"
http://hl7.org/fhir/ValueSet/request-status,4.0.1,draft,"2.16.840.1.113883.4.642.3.111",RequestStatus,RequestStatus,"Codes identifying the lifecycle stage of a request.","StructureDefinition/hiv-careplan,StructureDefinition/hiv-hts-request","hl7.fhir.r4.core"
http://hl7.org/fhir/ValueSet/security-labels,4.0.1,active,"2.16.840.1.113883.4.642.3.47",All Security Labels,SecurityLabels,"A single value set for all security labels defined by FHIR.","StructureDefinition/hiv-consent",
http://hl7.org/fhir/ValueSet/security-role-type,4.0.1,draft,"2.16.840.1.113883.4.642.3.978",SecurityRoleType,SecurityRoleType,"This example FHIR value set is comprised of example Actor Type codes, which can be used to value FHIR agents, actors, and other role         elements such as those specified in financial transactions. The FHIR Actor value set is based on    DICOM Audit Message, C402;   ASTM Standard, E1762-95 [2013]; selected codes and          derived actor roles from HL7 RoleClass OID 2.16.840.1.113883.5.110;    HL7 Role Code 2.16.840.1.113883.5.111, including AgentRoleType;          HL7 ParticipationType OID: 2.16.840.1.113883.5.90; and    HL7 ParticipationFunction codes OID: 2.16.840.1.113883.5.88.           This value set includes, by reference, role codes from external code systems: NUCC Health Care Provider Taxonomy OID: 2.16.840.1.113883.6.101;          North American Industry Classification System [NAICS]OID: 2.16.840.1.113883.6.85; IndustryClassificationSystem 2.16.840.1.113883.1.11.16039;          and US Census Occupation Code OID: 2.16.840.1.113883.6.243 for relevant recipient or custodian codes not included in this value set.            If no source is indicated in the definition comments, then these are example FHIR codes.          It can be extended with appropriate roles described by SNOMED as well as those described in the HL7 Role Based Access Control Catalog and the          HL7 Healthcare (Security and Privacy) Access Control Catalog.            In Role-Based Access Control (RBAC), permissions are operations on an object that a user wishes to access. Permissions are grouped into roles.          A role characterizes the functions a user is allowed to perform. Roles are assigned to users. If the user's role has the appropriate permissions          to access an object, then that user is granted access to the object. FHIR readily enables RBAC, as FHIR Resources are object types and the CRUDE          events (the FHIR equivalent to permissions in the RBAC scheme) are operations on those objects.          In Attribute-Based Access Control (ABAC), a user requests to perform operations on objects. That user's access request is granted or denied          based on a set of access control policies that are specified in terms of attributes and conditions. FHIR readily enables ABAC, as instances of          a Resource in FHIR (again, Resources are object types) can have attributes associated with them. These attributes include security tags,          environment conditions, and a host of user and object characteristics, which are the same attributes as those used in ABAC. Attributes help          define the access control policies that determine the operations a user may perform on a Resource (in FHIR) or object (in ABAC). For example,          a tag (or attribute) may specify that the identified Resource (object) is not to be further disclosed without explicit consent from the patient.","StructureDefinition/hiv-consent","THO (V3),THO,DICOM"
http://hl7.org/fhir/ValueSet/service-category,4.0.1,draft,"2.16.840.1.113883.4.642.3.516",ServiceCategory,Service category,"This value set defines an example set of codes that can be used to classify groupings of service-types/specialties.","StructureDefinition/hiv-followup-appointment","THO"
http://hl7.org/fhir/ValueSet/service-type,4.0.1,draft,"2.16.840.1.113883.4.642.3.518",ServiceType,Service type,"This value set defines an example set of codes of service-types.","StructureDefinition/prep-encounter,StructureDefinition/hiv-followup-appointment,StructureDefinition/hiv-encounter","THO"
http://hl7.org/fhir/ValueSet/servicerequest-category,4.0.1,draft,"2.16.840.1.113883.4.642.3.434",ServiceRequestCategoryCodes,Service Request Category Codes,"An example value set of SNOMED CT concepts that can classify a requested service","StructureDefinition/hiv-hts-request","SCT"
http://hl7.org/fhir/ValueSet/servicerequest-orderdetail,4.0.1,draft,"2.16.840.1.113883.4.642.3.435",ServiceRequestOrderDetailsCodes,Service Request Order Details Codes,"An example value set of Codified order entry details concepts.  These concepts only make sense in the context of what is being ordered.  This example is for a patient ventilation order","StructureDefinition/hiv-hts-request","SCT"
http://hl7.org/fhir/ValueSet/subject-type,4.0.1,draft,"2.16.840.1.113883.4.642.3.775",SubjectType,Subject type,"Possible types of subjects.","StructureDefinition/hiv-library,StructureDefinition/hiv-measure","hl7.fhir.r4.core"
http://terminology.hl7.org/ValueSet/v2-0092,2.0.0,active,"2.16.840.1.113883.21.40",Hl7VSReAdmissionIndicator,hl7VS-re-admissionIndicator,"Value Set of codes which are used to specify that a patient is being re-admitted to a healthcare facility from which they were discharged, and indicates the circumstances around such re-admission.","StructureDefinition/prep-encounter,StructureDefinition/hiv-encounter,StructureDefinition/hiv-testing-encounter","THO (V2)"
http://terminology.hl7.org/ValueSet/v2-0116,2.0.0,active,"2.16.840.1.113883.21.51",Hl7VSBedStatus,hl7VS-bedStatus,"Value Set of codes that specify the state of a bed in an inpatient setting, and is used to determine if a patient may be assigned to it or not.","StructureDefinition/ethiopian-mfr-location","THO (V2)"
http://terminology.hl7.org/ValueSet/v2-0131,2.0.0,active,"2.16.840.1.113883.21.69",Hl7VSContactRole2,hl7VS-contactRole2,"Concepts which specify a relationship role that the next of kin/associated parties plays with regard to the patient. Built on the updated code system.  Also used in referrals, for example, it may be necessary to identify the contact representative at the clinic that sent a referral.","StructureDefinition/HIVPatient","THO (V2)"
http://terminology.hl7.org/ValueSet/v2-0276,2.0.0,active,"2.16.840.1.113883.21.181",Hl7VSAppointmentReasonCodes,hl7VS-appointmentReasonCodes,"Value Set of codes that describe the kind of appointment or the reason why an appointment has been scheduled.","StructureDefinition/hiv-followup-appointment","THO (V2)"
http://terminology.hl7.org/ValueSet/v3-ActEncounterCode,3.0.0,active,"2.16.840.1.113883.1.11.13955",ActEncounterCode,ActEncounterCode,"Domain provides codes that qualify the ActEncounterClass (ENC)","StructureDefinition/prep-encounter,StructureDefinition/hiv-encounter,StructureDefinition/hiv-testing-encounter","THO (V3)"
http://terminology.hl7.org/ValueSet/v3-ActPriority,3.0.0,active,"2.16.840.1.113883.1.11.16866",ActPriority,ActPriority,"A code or set of codes (e.g., for routine, emergency,) specifying the urgency under which the Act happened, can happen, is happening, is intended to happen, or is requested/demanded to happen.    *Discussion:* This attribute is used in orders to indicate the ordered priority, and in event documentation it indicates the actual priority used to perform the act. In definition mood it indicates the available priorities.","StructureDefinition/prep-encounter,StructureDefinition/hiv-encounter,StructureDefinition/hiv-testing-encounter","THO (V3)"
http://terminology.hl7.org/ValueSet/v3-ActSubstanceAdminSubstitutionCode,3.0.0,active,"2.16.840.1.113883.1.11.16621",ActSubstanceAdminSubstitutionCode,ActSubstanceAdminSubstitutionCode,"***No description***","StructureDefinition/hiv-art-medication-request","THO (V3)"
http://terminology.hl7.org/ValueSet/v3-PurposeOfUse,3.1.0,active,"2.16.840.1.113883.1.11.20448",PurposeOfUse,PurposeOfUse,"Supports communication of purpose of use at a general level.","StructureDefinition/hiv-consent","THO (V3)"
http://terminology.hl7.org/ValueSet/v3-ServiceDeliveryLocationRoleType,3.0.0,active,"2.16.840.1.113883.1.11.17660",ServiceDeliveryLocationRoleType,ServiceDeliveryLocationRoleType,"A role of a place that further classifies the setting (e.g., accident site, road side, work site, community location) in which services are delivered.","StructureDefinition/hiv-hts-request","THO (V3)"
http://terminology.hl7.org/ValueSet/v3-SubstanceAdminSubstitutionReason,3.0.0,active,"2.16.840.1.113883.1.11.19377",SubstanceAdminSubstitutionReason,SubstanceAdminSubstitutionReason,"***No description***","StructureDefinition/hiv-art-medication-request","THO (V3)"
